<?xml version="1.0"?>
<!DOCTYPE DOCUMENT SYSTEM "0_properties1.2.dtd">
<DOCUMENT DOC_ID="20010928145343506952000000">
  <SUBMISSION_DATE>2001-11-28 13:00:05.542000</SUBMISSION_DATE>
  <PUBLICATION_DATE>2001-11-28 13:01:01.652000</PUBLICATION_DATE>
  <TITLE>HORIZONTAL 3 FINGER ROBOT GRIPPER</TITLE>
  <LANGUAGE>EN</LANGUAGE>
  <ABSTRACT>
     <P>The Horizontal 3 Finger gripper provides a means to grasp many different shaped radio components and to manipulate them effectively in multiple planes. This has become necessary due to variations in packaging methods~of components and methods of testing within the robot envelope.</P>
  </ABSTRACT>
  <PROPERTIES>
    <PROPERTY NAME="PATENT_ASSOCIATED">0</PROPERTY>
    <PROPERTY NAME="COUNTRY">US</PROPERTY>
    <PROPERTY NAME="COPYRIGHT">Motorola Inc. April 1991</PROPERTY>
    <PROPERTY NAME="FULL_TEXT_SIZE">2344</PROPERTY>
    <PROPERTY NAME="ABBREV_TEXT_SIZE">1503</PROPERTY>
    <PROPERTY NAME="NON_TEXT_OBJECTS">30</PROPERTY>
  </PROPERTIES>
  <CLASSIFICATIONS>
  </CLASSIFICATIONS>
  <RELATED_FILES>
    <RELATED_FILE TYPE="P" SOURCE="U" PRESENT_IN_ZIP="1">
      <FILE_NAME>1_MOT-TDJ-v12-p0959.pdf</FILE_NAME>
      <FILE_KEY>0</FILE_KEY>
      <FILE_DESC>PDF</FILE_DESC>
      <FILE_SIGNATURE>E76F9DCE1882DE18C19C035C7E474D4D</FILE_SIGNATURE>
      <FILE_SIGNATURE_TYPE>MD5 Message Digest</FILE_SIGNATURE_TYPE>
    </RELATED_FILE>
    <RELATED_FILE TYPE="H" SOURCE="G" PRESENT_IN_ZIP="1">
      <FILE_NAME>0_displaytext.htm</FILE_NAME>
      <FILE_KEY>1</FILE_KEY>
      <FILE_DESC>HTML rendering of the primary document</FILE_DESC>
      <FILE_SIGNATURE>79062FAC0F48E31289A2D2EB55D0C1B0</FILE_SIGNATURE>
      <FILE_SIGNATURE_TYPE>MD5 Message Digest</FILE_SIGNATURE_TYPE>
    </RELATED_FILE>
    <RELATED_FILE TYPE="B" SOURCE="G" PRESENT_IN_ZIP="1">
      <FILE_NAME>0_abbrevtext.htm</FILE_NAME>
      <FILE_KEY>2</FILE_KEY>
      <FILE_DESC>Abbreviated HTML rendering of the primary document</FILE_DESC>
      <FILE_SIGNATURE>527F310F6D10469D9CEA258F6E24C1E1</FILE_SIGNATURE>
      <FILE_SIGNATURE_TYPE>MD5 Message Digest</FILE_SIGNATURE_TYPE>
    </RELATED_FILE>
  </RELATED_FILES>
  <RELATED_PEOPLE>
    <RELATED_PERSON>
      <RELATION>AUTHOR</RELATION>
      <NAME>Alan Clayton</NAME>
      <EMAIL></EMAIL>
      <PHONE></PHONE>
      <FAX></FAX>
      <OTHER_INFO></OTHER_INFO>
    </RELATED_PERSON>
    <RELATED_PERSON>
      <RELATION>AUTHOR</RELATION>
      <NAME>Jack Vanderzee</NAME>
      <EMAIL></EMAIL>
      <PHONE></PHONE>
      <FAX></FAX>
      <OTHER_INFO></OTHER_INFO>
    </RELATED_PERSON>
  </RELATED_PEOPLE>
  <RELATED_DOCUMENTS>
  </RELATED_DOCUMENTS>
</DOCUMENT>

